country,year,birth_rate_per_thousand
Afghanistan,1979,48.1
Afghanistan,2000,41.2
Afghanistan,2009,35.6
Albania,1970,32.5
Albania,1985,26.2
Albania,1995,23.6
Albania,2005,12.6
Albania,2011,10.1
Algeria,1970,43.9
Algeria,1985,38.3
Algeria,1995,25.1
Algeria,2005,21.4
Algeria,2010,25.0
American Samoa,1970,37.4
American Samoa,1985,39.0
American Samoa,1995,32.1
American Samoa,2005,26.3
American Samoa,2006,21.6
Andorra,1977,17.1
Andorra,1985,12.5
Andorra,1995,10.3
Andorra,2005,10.5
Andorra,2010,9.8
Angola,1970,45.0
Angola,2005,42.5
Anguilla,1985,26.6
Anguilla,1995,17.0
Anguilla,2005,12.2
Anguilla,2011,11.1
Antigua and Barbuda,1970,25.4
Antigua and Barbuda,1985,18.7
Antigua and Barbuda,1995,19.9
Antigua and Barbuda,2000,21.1
Antigua and Barbuda,2010,13.8
Argentina,1970,22.7
Argentina,1985,21.4
Argentina,1995,18.9
Argentina,2005,18.4
Argentina,2010,18.7
Armenia,1970,22.1
Armenia,1985,24.1
Armenia,1995,13.0
Armenia,2005,11.7
Armenia,2011,13.3
Aruba,1972,20.7
Aruba,1985,18.2
Aruba,1995,17.8
Aruba,2005,12.3
Aruba,2010,10.6
Australia,1970,20.6
Australia,1985,15.7
Australia,1995,14.2
Australia,2005,12.7
Australia,2010,13.4
Austria,1970,15.0
Austria,1985,11.6
Austria,1995,11.2
Austria,2005,9.5
Austria,2011,9.3
Azerbaijan,1970,27.7
Azerbaijan,1985,26.6
Azerbaijan,1995,18.6
Azerbaijan,2005,16.7
Azerbaijan,2011,19.4
Bahamas,1970,28.9
Bahamas,1985,27.3
Bahamas,1993,24.8
Bahamas,2004,13.9
Bahamas,2005,14.6
Bahrain,1971,29.2
Bahrain,1985,29.5
Bahrain,1995,24.1
Bahrain,2005,21.0
Bahrain,2009,15.3
Bangladesh,1974,42.9
Bangladesh,1985,38.0
Bangladesh,1995,29.5
Bangladesh,2002,28.7
Bangladesh,2005,26.1
Barbados,1970,20.4
Barbados,1985,16.9
Barbados,1992,15.8
Barbados,2005,12.8
Barbados,2007,12.9
Belarus,1970,16.2
Belarus,1985,16.5
Belarus,1995,9.9
Belarus,2005,9.3
Belarus,2011,11.5
Belgium,1970,14.7
Belgium,1985,11.6
Belgium,1995,11.4
Belgium,2006,11.5
Belgium,2009,11.8
Belize,1970,36.4
Belize,1985,35.7
Belize,1995,30.1
Belize,2004,29.4
Belize,2005,29.9
Benin,1961,54.0
Benin,1980,54.0
Benin,1995,40.6
Benin,2002,41.2
Benin,2005,41.5
Bermuda,1970,20.0
Bermuda,1985,16.0
Bermuda,1995,13.6
Bermuda,2005,13.1
Bermuda,2009,12.7
Bhutan,1984,39.1
Bhutan,1993,39.9
Bhutan,2000,34.1
Bhutan,2005,19.0
Bolivia (Plurinational State of),1975,46.6
Bolivia (Plurinational State of),1980,40.2
Bolivia (Plurinational State of),1996,30.7
Bolivia (Plurinational State of),2002,28.1
Bolivia (Plurinational State of),2006,25.5
Bosnia and Herzegovina,1970,22.2
Bosnia and Herzegovina,1985,17.6
Bosnia and Herzegovina,1996,12.8
Bosnia and Herzegovina,2005,9.0
Bosnia and Herzegovina,2010,8.7
Botswana,1971,44.5
Botswana,1981,41.6
Botswana,1991,39.3
Botswana,2001,28.8
Botswana,2006,29.8
Brazil,1970,37.7
Brazil,1980,31.9
Brazil,1994,21.6
Brazil,2005,17.7
Brazil,2008,16.4
British Virgin Islands,1970,32.4
British Virgin Islands,1985,20.3
British Virgin Islands,1995,15.5
British Virgin Islands,2003,12.6
British Virgin Islands,2004,14.6
Brunei Darussalam,1971,39.5
Brunei Darussalam,1985,30.5
Brunei Darussalam,1996,25.7
Brunei Darussalam,2004,20.1
Brunei Darussalam,2008,16.7
Bulgaria,1970,16.3
Bulgaria,1985,13.3
Bulgaria,1995,8.6
Bulgaria,2005,9.2
Bulgaria,2011,9.6
Burkina Faso,1975,46.0
Burkina Faso,1985,49.6
Burkina Faso,1996,46.1
Burkina Faso,2002,40.2
Burkina Faso,2009,41.2
Burundi,1971,42.0
Burundi,1979,47.0
Burundi,1990,48.0
Burundi,2002,33.3
Burundi,2009,44.5
Cambodia,1962,46.8
Cambodia,1996,38.0
Cambodia,2004,25.5
Cambodia,2009,24.2
Cameroon,1976,45.0
Cameroon,1987,41.0
Cameroon,1996,35.4
Cameroon,2002,37.8
Cameroon,2010,38.1
Canada,1970,17.1
Canada,1985,14.5
Canada,1995,12.9
Canada,2005,10.6
Canada,2009,11.3
Cape Verde,1970,35.0
Cape Verde,1980,40.0
Cape Verde,1998,36.7
Cape Verde,2000,29.2
Cape Verde,2010,27.0
Cayman Islands,1970,32.8
Cayman Islands,1985,18.2
Cayman Islands,1995,14.8
Cayman Islands,2005,14.4
Cayman Islands,2010,14.6
Central African Republic,1975,43.0
Central African Republic,1988,41.6
Central African Republic,1993,38.3
Central African Republic,2003,29.8
Chad,1964,45.0
Chad,1993,41.0
Chad,1995,46.2
Chad,2003,44.6
Channel Islands,1970,14.8
Channel Islands,1985,11.7
Channel Islands,1995,12.2
Channel Islands,2005,10.8
Channel Islands,2006,10.3
Chile,1970,27.4
Chile,1985,21.6
Chile,1995,18.5
Chile,2005,14.2
Chile,2009,14.9
China,1970,33.0
China,1985,20.8
China,1995,17.0
China,2005,12.4
China,2011,11.9
"China, Hong Kong SAR",1970,20.0
"China, Hong Kong SAR",1985,14.0
"China, Hong Kong SAR",1995,11.1
"China, Hong Kong SAR",2005,8.4
"China, Hong Kong SAR",2009,11.7
"China, Macao SAR",1970,10.9
"China, Macao SAR",1985,26.1
"China, Macao SAR",1995,14.4
"China, Macao SAR",2005,7.8
"China, Macao SAR",2011,10.5
Colombia,1974,34.8
Colombia,1985,28.1
Colombia,1993,26.5
Colombia,2004,20.4
Colombia,2009,18.0
Comoros,1966,44.6
Comoros,1980,46.0
Comoros,1994,31.6
Comoros,2003,35.6
Congo,1974,41.0
Congo,1984,45.2
Congo,2004,40.0
Congo,2011,41.4
Cook Islands,1970,37.1
Cook Islands,1985,23.9
Cook Islands,1995,25.3
Cook Islands,2006,11.7
Cook Islands,2010,12.0
Costa Rica,1970,33.4
Costa Rica,1985,33.8
Costa Rica,1995,25.6
Costa Rica,2005,16.8
Costa Rica,2009,16.2
Côte d'Ivoire,1997,39.8
Côte d'Ivoire,1979,52.6
Côte d'Ivoire,1988,48.0
Côte d'Ivoire,2004,38.4
Côte d'Ivoire,2011,37.1
Croatia,1970,13.9
Croatia,1985,13.3
Croatia,1995,10.7
Croatia,2005,9.6
Croatia,2010,9.8
Cuba,1970,27.7
Cuba,1985,18.1
Cuba,1995,13.5
Cuba,2005,10.7
Cuba,2010,11.4
Cyprus,1970,19.2
Cyprus,1985,18.5
Cyprus,1995,11.5
Cyprus,2005,8.0
Cyprus,2009,8.8
Czech Republic,1970,15.1
Czech Republic,1985,13.1
Czech Republic,1995,9.3
Czech Republic,2005,10.0
Czech Republic,2011,10.3
Democratic People's Republic of Korea,1970,44.7
Democratic People's Republic of Korea,1985,22.1
Democratic People's Republic of Korea,1993,17.3
Democratic People's Republic of Korea,2003,15.6
Democratic People's Republic of Korea,2008,14.4
Democratic Republic of the Congo,1976,43.8
Democratic Republic of the Congo,1984,48.1
Democratic Republic of the Congo,2001,48.5
Democratic Republic of the Congo,2005,44.1
Denmark,1970,14.4
Denmark,1985,10.5
Denmark,1995,13.3
Denmark,2005,11.9
Denmark,2011,10.6
Djibouti,1991,30.3
Djibouti,2001,19.6
Dominica,1970,35.8
Dominica,1985,22.8
Dominica,1995,20.7
Dominica,2005,14.3
Dominica,2010,13.8
Dominican Republic,1970,36.9
Dominican Republic,1983,32.0
Dominican Republic,1995,27.7
Dominican Republic,2001,25.2
Dominican Republic,2005,20.4
Ecuador,1974,37.4
Ecuador,1982,32.8
Ecuador,1990,28.2
Ecuador,2001,24.2
Egypt,1970,32.3
Egypt,1985,37.6
Egypt,1995,25.9
Egypt,2005,24.3
Egypt,2010,27.9
El Salvador,1970,40.0
El Salvador,1985,29.0
El Salvador,1995,28.1
El Salvador,2005,18.6
El Salvador,2009,17.5
Equatorial Guinea,1983,42.0
Equatorial Guinea,1994,43.1
Equatorial Guinea,2001,43.2
Eritrea,1994,38.3
Eritrea,2000,32.3
Estonia,1979,15.0
Estonia,1985,15.5
Estonia,1995,9.4
Estonia,2005,10.7
Estonia,2011,11.0
Ethiopia,1967,50.1
Ethiopia,1984,37.9
Ethiopia,1998,39.0
Ethiopia,2003,35.7
Ethiopia,2009,34.5
Faroe Islands,1970,21.1
Faroe Islands,1985,16.2
Faroe Islands,1995,14.7
Faroe Islands,2005,14.8
Faroe Islands,2011,11.9
Falkland Islands (Malvinas),1970,16.5
Falkland Islands (Malvinas),1985,16.2
Falkland Islands (Malvinas),1995,8.2
Falkland Islands (Malvinas),2005,6.1
Falkland Islands (Malvinas),2006,9.1
Fiji,1970,29.9
Fiji,1985,27.9
Fiji,1995,24.2
Fiji,2005,21.6
Fiji,2009,21.5
Finland,1970,14.0
Finland,1985,12.8
Finland,1995,12.3
Finland,2005,11.0
Finland,2010,11.4
France,1970,16.7
France,1985,13.9
France,1995,12.6
France,2005,12.7
France,2010,12.8
French Guiana,1970,32.2
French Guiana,1985,28.6
French Guiana,1995,31.0
French Guiana,2005,29.7
French Guiana,2010,26.3
French Polynesia,1971,38.1
French Polynesia,1985,31.1
French Polynesia,1995,22.7
French Polynesia,2005,17.5
French Polynesia,2010,16.9
Gabon,1961,35.0
Gabon,1993,39.0
Gabon,1999,33.0
Gambia,1973,49.0
Gambia,1983,50.0
Gambia,1993,46.2
Georgia,1970,19.2
Georgia,1985,18.5
Georgia,1995,11.9
Georgia,2005,10.7
Georgia,2011,13.4
Germany,1970,13.5
Germany,1985,10.5
Germany,1995,9.4
Germany,2005,8.3
Germany,2010,8.3
Ghana,1971,49.6
Ghana,1992,36.4
Ghana,1997,32.5
Ghana,2002,32.6
Ghana,2007,30.8
Gibraltar,1970,23.2
Gibraltar,1985,17.4
Gibraltar,1995,15.9
Gibraltar,2005,14.4
Gibraltar,2010,16.7
Greece,1970,16.5
Greece,1985,11.7
Greece,1995,9.5
Greece,2005,9.7
Greece,2010,10.1
Greenland,1970,24.6
Greenland,1985,21.4
Greenland,1995,20.1
Greenland,2005,15.6
Greenland,2010,15.4
Grenada,1970,29.0
Grenada,1985,34.0
Grenada,1995,23.2
Grenada,2001,18.8
Grenada,2002,17.3
Guadeloupe,1970,29.3
Guadeloupe,1985,19.6
Guadeloupe,1997,18.3
Guadeloupe,2005,16.9
Guadeloupe,2010,11.6
Guam,1970,33.8
Guam,1985,27.0
Guam,1995,29.1
Guam,2005,19.0
Guam,2011,18.1
Guatemala,1970,40.5
Guatemala,1985,42.2
Guatemala,1995,37.2
Guatemala,2005,29.5
Guatemala,2008,27.0
Guinea,1983,45.5
Guinea,1997,37.3
Guinea,2003,38.4
Guinea-Bissau,1979,41.0
Guinea-Bissau,1991,44.1
Guinea-Bissau,2000,42.3
Guinea-Bissau,2006,40.9
Guyana,1970,33.4
Guyana,1980,24.5
Guyana,1991,20.7
Guyana,2003,21.3
Guyana,2007,22.5
Haiti,1975,37.6
Haiti,1983,36.0
Haiti,1993,34.1
Haiti,2003,25.7
Haiti,2004,28.4
Honduras,1972,49.2
Honduras,1986,38.0
Honduras,1994,28.8
Honduras,2001,33.7
Honduras,2004,26.7
Hungary,1970,14.7
Hungary,1985,12.2
Hungary,1995,11.0
Hungary,2005,9.7
Hungary,2010,9.0
Iceland,1970,19.7
Iceland,1985,16.0
Iceland,1995,16.0
Iceland,2005,14.5
Iceland,2011,14.1
India,1971,36.9
India,1985,32.9
India,1995,28.3
India,2005,23.8
India,2010,22.1
Indonesia,1971,40.6
Indonesia,1980,35.5
Indonesia,1999,23.0
Indonesia,2004,20.3
Indonesia,2006,20.9
Iran (Islamic Republic of),1970,41.1
Iran (Islamic Republic of),1985,43.7
Iran (Islamic Republic of),1996,19.5
Iran (Islamic Republic of),2005,17.7
Iran (Islamic Republic of),2008,18.0
Iraq,1974,42.6
Iraq,1997,29.4
Iraq,2005,31.0
Ireland,1970,21.9
Ireland,1985,17.7
Ireland,1995,13.5
Ireland,2005,14.7
Ireland,2010,16.5
Isle of Man,1970,14.8
Isle of Man,1985,10.9
Isle of Man,1995,11.7
Isle of Man,2006,11.2
Isle of Man,2007,11.3
Israel,1970,27.2
Israel,1985,23.5
Israel,1995,21.1
Israel,2005,20.8
Israel,2010,21.8
Italy,1970,16.8
Italy,1985,10.2
Italy,1995,9.2
Italy,2005,9.5
Italy,2010,9.3
Jamaica,1970,34.7
Jamaica,1985,24.5
Jamaica,1995,25.6
Jamaica,2005,17.8
Jamaica,2009,16.3
Japan,1970,19.0
Japan,1985,11.9
Japan,1995,9.5
Japan,2005,8.4
Japan,2010,8.4
Jordan,1974,47.7
Jordan,1985,36.6
Jordan,1995,32.2
Jordan,2005,28.5
Jordan,2010,29.7
Kazakhstan,1970,23.4
Kazakhstan,1985,25.2
Kazakhstan,1995,17.5
Kazakhstan,2005,18.4
Kazakhstan,2008,22.7
Kenya,1969,50.0
Kenya,1989,48.0
Kenya,1996,34.8
Kenya,2001,37.5
Kenya,2007,34.8
Kiribati,1976,34.9
Kiribati,1985,37.5
Kiribati,1995,32.2
Kiribati,2000,26.4
Kiribati,2005,26.8
Kuwait,1970,44.9
Kuwait,1985,31.6
Kuwait,1995,25.3
Kuwait,2005,22.5
Kuwait,2010,21.0
Kyrgyzstan,1970,30.5
Kyrgyzstan,1985,32.0
Kyrgyzstan,1995,25.6
Kyrgyzstan,2005,21.9
Kyrgyzstan,2010,28.1
Lao People's Democratic Republic,1988,45.0
Lao People's Democratic Republic,1995,41.3
Lao People's Democratic Republic,2000,34.0
Lao People's Democratic Republic,2005,34.7
Latvia,1979,13.9
Latvia,1985,15.4
Latvia,1995,8.7
Latvia,2005,9.3
Latvia,2010,8.6
Lebanon,1970,34.4
Lebanon,1996,27.0
Lebanon,2005,18.3
Lebanon,2010,22.5
Lesotho,1975,40.2
Lesotho,1986,37.0
Lesotho,1996,30.0
Lesotho,2003,25.3
Lesotho,2008,26.4
Liberia,1970,53.8
Liberia,1984,27.3
Liberia,2005,37.6
Liberia,2007,40.3
Libya,1970,41.2
Libya,1985,40.2
Libya,1995,18.6
Libya,2000,18.9
Libya,2002,20.4
Liechtenstein,1970,19.8
Liechtenstein,1985,13.7
Liechtenstein,1995,13.7
Liechtenstein,2005,11.0
Liechtenstein,2010,9.1
Lithuania,1979,15.3
Lithuania,1985,16.5
Lithuania,1995,11.1
Lithuania,2005,8.9
Lithuania,2011,10.7
Luxembourg,1970,13.0
Luxembourg,1985,11.2
Luxembourg,1995,13.3
Luxembourg,2005,11.5
Luxembourg,2011,10.9
Madagascar,1975,45.0
Madagascar,1991,43.6
Madagascar,1996,42.7
Madagascar,2002,35.3
Madagascar,2008,33.4
Malawi,1977,48.3
Malawi,1987,41.2
Malawi,1998,37.9
Malawi,2006,43.9
Malawi,2009,39.2
Malaysia,1970,36.8
Malaysia,1985,31.6
Malaysia,1995,26.0
Malaysia,2005,17.9
Malaysia,2009,17.8
Maldives,1974,38.9
Maldives,1985,48.0
Maldives,1995,27.5
Maldives,2005,18.8
Maldives,2010,22.5
Mali,1961,55.0
Mali,1987,46.6
Mali,1994,45.5
Mali,2005,45.2
Mali,2009,45.9
Malta,1970,16.3
Malta,1985,16.0
Malta,1990,15.1
Malta,2005,9.6
Malta,2011,10.2
Marshall Islands,1973,46.1
Marshall Islands,1985,39.7
Marshall Islands,1995,28.9
Marshall Islands,2005,30.5
Marshall Islands,2006,30.2
Martinique,1970,28.5
Martinique,1985,16.9
Martinique,1995,15.3
Martinique,2005,12.7
Martinique,2010,12.0
Mauritania,1977,48.2
Mauritania,1979,45.5
Mauritania,1999,31.3
Mauritania,2000,29.1
Mauritius,1970,26.8
Mauritius,1985,18.7
Mauritius,1995,18.4
Mauritius,2005,15.1
Mauritius,2010,11.7
Mayotte,1978,56.0
Mayotte,1985,43.5
Mayotte,1996,43.0
Mayotte,2003,38.7
Mayotte,2004,39.0
Mexico,1970,41.1
Mexico,1985,34.9
Mexico,1995,29.8
Mexico,2005,24.1
Mexico,2008,21.0
Micronesia (Federated States of),1973,41.0
Micronesia (Federated States of),1980,37.9
Micronesia (Federated States of),1994,27.0
Micronesia (Federated States of),2002,22.8
Micronesia (Federated States of),2003,22.9
Monaco,1970,9.0
Monaco,1983,19.3
Monaco,1995,25.1
Monaco,2005,25.4
Monaco,2006,25.0
Mongolia,1970,41.3
Mongolia,1985,38.0
Mongolia,1995,24.4
Mongolia,2006,19.0
Mongolia,2010,22.9
Montenegro,1970,20.3
Montenegro,1985,17.5
Montenegro,1995,14.9
Montenegro,2005,11.8
Montenegro,2011,11.4
Montserrat,1970,26.9
Montserrat,1985,20.0
Montserrat,1995,12.2
Montserrat,2004,10.0
Montserrat,2008,14.8
Morocco,1972,48.0
Morocco,1988,31.6
Morocco,1997,23.6
Morocco,2002,21.1
Morocco,2005,17.9
Mozambique,1970,48.0
Mozambique,1980,47.0
Mozambique,1995,39.2
Mozambique,2002,40.2
Mozambique,2010,41.6
Myanmar,1973,39.4
Myanmar,1983,34.8
Myanmar,1997,22.4
Myanmar,2001,19.8
Myanmar,2007,17.3
Namibia,1991,38.7
Namibia,1999,30.5
Namibia,2001,23.3
Namibia,2005,29.2
Nauru,1975,22.3
Nauru,1995,23.3
Nauru,2002,21.8
Nauru,2006,30.8
Nepal,1971,42.0
Nepal,1986,39.0
Nepal,1994,37.2
Nepal,2004,28.4
Nepal,2009,24.3
Netherlands,1970,18.3
Netherlands,1985,12.3
Netherlands,1995,12.3
Netherlands,2005,11.5
Netherlands,2011,10.7
Netherlands Antilles,1970,29.8
Netherlands Antilles,1986,19.9
Netherlands Antilles,1995,19.7
Netherlands Antilles,2006,13.7
Netherlands Antilles,2009,13.4
New Caledonia,1970,37.3
New Caledonia,1985,23.4
New Caledonia,1995,22.2
New Caledonia,2005,17.5
New Caledonia,2010,16.7
New Zealand,1970,22.1
New Zealand,1985,16.0
New Zealand,1995,15.7
New Zealand,2005,14.0
New Zealand,2011,13.9
Nicaragua,1971,50.0
Nicaragua,1985,45.0
Nicaragua,1996,29.4
Nicaragua,2000,26.9
Nicaragua,2005,22.8
Niger,1977,54.0
Niger,1988,52.0
Niger,1996,51.7
Niger,2001,48.4
Niger,2004,45.8
Nigeria,1982,46.0
Nigeria,1989,38.1
Nigeria,2001,41.7
Nigeria,2007,40.6
Niue,1970,38.0
Niue,1985,30.9
Niue,1995,16.1
Niue,2004,10.2
Niue,2009,20.0
Norfolk Island,2005,10.5
Norfolk Island,2006,9.3
Northern Mariana Islands,1970,38.4
Northern Mariana Islands,1985,23.0
Northern Mariana Islands,1995,28.2
Northern Mariana Islands,2004,21.0
Northern Mariana Islands,2005,19.8
Norway,1970,16.7
Norway,1985,12.3
Norway,1995,13.8
Norway,2005,12.3
Norway,2011,12.2
Oman,1980,50.0
Oman,1985,48.0
Oman,1995,34.0
Oman,2006,19.9
Oman,2009,23.8
Pakistan,1973,42.2
Pakistan,1985,43.3
Pakistan,1995,36.6
Pakistan,2005,26.1
Pakistan,2005,30.7
Palau,1973,34.3
Palau,1980,17.7
Palau,1995,23.3
Palau,2005,14.0
Palau,2006,12.0
Panama,1970,35.3
Panama,1985,26.6
Panama,1995,23.1
Panama,2005,19.7
Panama,2010,19.3
Papua New Guinea,1971,47.5
Papua New Guinea,1980,46.0
Papua New Guinea,1996,33.9
Papua New Guinea,2000,36.1
Papua New Guinea,2005,32.4
Paraguay,1977,35.3
Paraguay,1988,32.8
Paraguay,1992,34.3
Paraguay,2002,27.2
Peru,1970,42.4
Peru,1981,34.8
Peru,1995,27.5
Peru,2003,19.3
Peru,2006,18.6
Philippines,1970,39.0
Philippines,1990,29.0
Philippines,1996,28.1
Philippines,2002,25.6
Philippines,2007,24.0
Poland,1970,16.8
Poland,1985,18.2
Poland,1995,11.3
Poland,2005,9.5
Poland,2011,10.1
Portugal,1970,19.9
Portugal,1985,13.0
Portugal,1995,10.7
Portugal,2005,10.4
Portugal,2011,9.1
Puerto Rico,1970,24.8
Puerto Rico,1985,19.0
Puerto Rico,1996,17.2
Puerto Rico,2005,13.0
Puerto Rico,2008,11.6
Qatar,1970,33.4
Qatar,1985,25.1
Qatar,1995,20.7
Qatar,2005,16.8
Qatar,2010,11.4
Republic of Korea,1972,30.7
Republic of Korea,1985,16.1
Republic of Korea,1996,15.4
Republic of Korea,2005,9.3
Republic of Korea,2010,9.8
Republic of Moldova,1970,19.4
Republic of Moldova,1985,21.5
Republic of Moldova,1995,13.0
Republic of Moldova,2005,10.5
Republic of Moldova,2011,11.0
Réunion,1970,29.8
Réunion,1985,24.1
Réunion,1998,19.4
Réunion,2005,19.0
Réunion,2010,16.7
Romania,1970,21.1
Romania,1985,15.8
Romania,1995,10.4
Romania,2005,10.2
Romania,2011,9.2
Russian Federation,1970,14.6
Russian Federation,1985,16.6
Russian Federation,1995,9.2
Russian Federation,2005,10.2
Russian Federation,2010,12.6
Rwanda,1970,51.0
Rwanda,1991,41.0
Rwanda,1999,39.2
Rwanda,2006,39.2
Rwanda,2009,34.4
Saint Helena,1970,33.8
Saint Helena,1985,14.9
Saint Helena,1995,13.7
Saint Helena,2004,7.2
Saint Helena,2005,7.4
Saint Kitts and Nevis,1970,25.7
Saint Kitts and Nevis,1985,23.3
Saint Kitts and Nevis,1995,18.3
Saint Kitts and Nevis,2000,18.9
Saint Kitts and Nevis,2001,17.2
Saint Lucia,1970,39.0
Saint Lucia,1985,33.8
Saint Lucia,1995,25.5
Saint Lucia,2004,14.3
Saint Lucia,2005,14.0
Saint Pierre and Miquelon,1970,27.5
Saint Pierre and Miquelon,1984,20.6
Saint Pierre and Miquelon,1995,11.3
Saint Pierre and Miquelon,2006,13.6
Saint Pierre and Miquelon,2007,7.6
Saint Vincent and the Grenadines,1970,35.7
Saint Vincent and the Grenadines,1986,26.4
Saint Vincent and the Grenadines,1995,23.6
Saint Vincent and the Grenadines,2005,17.1
Saint Vincent and the Grenadines,2009,18.9
Samoa,1971,37.7
Samoa,1988,28.6
Samoa,1991,25.9
Samoa,2006,27.3
Samoa,2008,28.6
San Marino,1970,15.0
San Marino,1985,9.3
San Marino,1995,9.8
San Marino,2005,9.5
San Marino,2011,10.2
Sao Tome and Principe,1970,44.5
Sao Tome and Principe,1981,41.5
Sao Tome and Principe,1991,34.9
Sao Tome and Principe,2001,33.8
Sao Tome and Principe,2007,34.5
Saudi Arabia,1992,42.7
Saudi Arabia,1999,25.5
Saudi Arabia,2004,18.5
Saudi Arabia,2007,17.2
Senegal,1970,48.9
Senegal,1986,47.0
Senegal,1995,39.3
Senegal,2003,39.1
Senegal,2007,37.3
Serbia,1970,17.5
Serbia,1985,16.2
Serbia,1995,13.2
Serbia,2005,9.7
Serbia,2009,9.6
Seychelles,1970,31.1
Seychelles,1985,26.5
Seychelles,1995,21.0
Seychelles,2005,18.5
Seychelles,2011,18.6
Sierra Leone,1974,50.2
Sierra Leone,1985,49.8
Sierra Leone,1992,45.4
Sierra Leone,2004,48.2
Sierra Leone,2006,31.5
Singapore,1970,22.1
Singapore,1985,15.5
Singapore,1995,13.8
Singapore,2005,8.8
Singapore,2010,7.5
Slovakia,1970,17.8
Slovakia,1985,17.5
Slovakia,1995,11.5
Slovakia,2005,10.1
Slovakia,2011,11.3
Slovenia,1970,15.8
Slovenia,1985,13.4
Slovenia,1995,9.5
Slovenia,2005,9.1
Slovenia,2010,10.9
Solomon Islands,1986,36.2
Solomon Islands,1996,31.5
Solomon Islands,1999,32.1
Solomon Islands,2000,30.6
Solomon Islands,2006,34.1
Somalia,1975,43.2
Somalia,1981,49.0
Somalia,2003,47.0
South Africa,1974,39.6
South Africa,1996,22.1
South Africa,2002,17.5
South Africa,2007,21.7
South Sudan,2000,40.0
South Sudan,2008,27.9
Spain,1970,19.4
Spain,1985,11.9
Spain,1995,9.2
Spain,2005,10.7
Spain,2010,10.5
Sri Lanka,1970,29.3
Sri Lanka,1985,24.0
Sri Lanka,1995,18.8
Sri Lanka,2005,18.7
Sri Lanka,2007,19.1
State of Palestine,1970,37.7
State of Palestine,1985,32.7
State of Palestine,1992,37.1
State of Palestine,1997,42.7
State of Palestine,2007,36.7
Sudan,1993,32.0
Sudan,2008,29.3
Suriname,1970,36.2
Suriname,1985,30.8
Suriname,1995,21.3
Suriname,2005,17.4
Suriname,2009,18.7
Swaziland,1966,46.8
Swaziland,1986,48.3
Swaziland,1997,30.9
Swaziland,2005,31.1
Sweden,1970,13.7
Sweden,1985,11.8
Sweden,1995,11.7
Sweden,2005,11.2
Sweden,2011,11.8
Switzerland,1970,16.0
Switzerland,1985,11.5
Switzerland,1995,11.7
Switzerland,2005,9.8
Switzerland,2010,10.3
Syrian Arab Republic,1970,46.5
Syrian Arab Republic,1985,45.0
Syrian Arab Republic,1994,33.0
Syrian Arab Republic,2004,33.7
Syrian Arab Republic,2007,22.3
Tajikistan,1970,34.8
Tajikistan,1985,40.1
Tajikistan,1994,28.9
Tajikistan,2005,26.4
Tajikistan,2006,26.7
Thailand,1973,32.9
Thailand,1986,23.9
Thailand,1996,17.9
Thailand,2004,12.3
Thailand,2006,10.8
The former Yugoslav Republic of Macedonia,1970,23.2
The former Yugoslav Republic of Macedonia,1985,19.7
The former Yugoslav Republic of Macedonia,1995,16.4
The former Yugoslav Republic of Macedonia,2005,11.0
The former Yugoslav Republic of Macedonia,2010,11.8
Timor-Leste,1972,39.2
Timor-Leste,2004,42.4
Timor-Leste,2008,33.2
Togo,1970,45.0
Togo,1981,44.6
Togo,1996,34.9
Tokelau,1976,32.4
Tokelau,1980,29.0
Tokelau,1996,33.1
Tokelau,2002,14.0
Tokelau,2003,18.5
Tonga,1970,31.4
Tonga,1985,29.9
Tonga,1995,30.4
Tonga,2004,26.2
Tonga,2006,29.0
Trinidad and Tobago,1970,24.4
Trinidad and Tobago,1985,28.6
Trinidad and Tobago,1995,15.3
Trinidad and Tobago,2005,13.8
Trinidad and Tobago,2006,13.9
Tunisia,1970,36.3
Tunisia,1985,31.0
Tunisia,1995,20.9
Tunisia,2005,17.3
Tunisia,2008,17.9
Turkey,1970,39.2
Turkey,1985,28.6
Turkey,1997,23.5
Turkey,2005,18.7
Turkey,2010,16.9
Turkmenistan,1970,35.2
Turkmenistan,1985,36.0
Turkmenistan,1995,28.9
Turkmenistan,2005,24.5
Turkmenistan,2006,24.3
Turks and Caicos Islands,1970,32.8
Turks and Caicos Islands,1985,26.7
Turks and Caicos Islands,1995,19.6
Turks and Caicos Islands,2005,10.4
Turks and Caicos Islands,2008,12.6
Tuvalu,1979,23.7
Tuvalu,1999,24.6
Tuvalu,2002,27.1
Tuvalu,2004,19.7
Tuvalu,2005,19.7
Uganda,1969,50.4
Uganda,1980,50.0
Uganda,1993,48.1
Uganda,2005,44.8
Uganda,2010,42.1
Ukraine,1985,15.0
Ukraine,1995,9.6
Ukraine,2005,9.0
Ukraine,2011,11.0
United Arab Emirates,1983,34.5
United Arab Emirates,1994,31.4
United Arab Emirates,1995,20.7
United Arab Emirates,2005,15.9
United Arab Emirates,2006,13.5
United Kingdom,1970,16.2
United Kingdom,1985,13.3
United Kingdom,1995,12.6
United Kingdom,2005,12.0
United Kingdom,2009,12.8
United Republic of Tanzania,1967,54.1
United Republic of Tanzania,1988,46.0
United Republic of Tanzania,1995,41.5
United Republic of Tanzania,2003,42.4
United Republic of Tanzania,2008,38.1
United States of America,1970,18.2
United States of America,1985,15.8
United States of America,1995,14.6
United States of America,2005,14.0
United States of America,2009,13.5
United States Virgin Islands,1970,38.9
United States Virgin Islands,1985,21.7
United States Virgin Islands,1995,19.7
United States Virgin Islands,2005,14.6
United States Virgin Islands,2007,16.1
Uruguay,1970,19.5
Uruguay,1985,17.9
Uruguay,1995,17.6
Uruguay,2005,14.3
Uruguay,2008,16.0
Uzbekistan,1970,33.6
Uzbekistan,1985,37.4
Uzbekistan,1995,29.9
Uzbekistan,2005,20.6
Uzbekistan,2011,22.6
Vanuatu,1967,45.0
Vanuatu,1979,45.0
Vanuatu,1989,37.0
Vanuatu,1999,30.5
Venezuela (Bolivarian Republic of),1970,36.6
Venezuela (Bolivarian Republic of),1985,29.3
Venezuela (Bolivarian Republic of),1995,23.8
Venezuela (Bolivarian Republic of),2005,25.1
Venezuela (Bolivarian Republic of),2008,20.8
Viet Nam,1976,39.5
Viet Nam,1989,30.0
Viet Nam,1996,19.2
Viet Nam,2006,17.4
Viet Nam,2009,17.6
Wallis and Futuna Islands,1970,42.1
Wallis and Futuna Islands,1978,36.6
Wallis and Futuna Islands,1996,21.2
Wallis and Futuna Islands,2005,15.7
Wallis and Futuna Islands,2008,13.8
Western Sahara,1971,46.1
Western Sahara,1974,23.4
Yemen,1977,58.0
Yemen,1990,42.3
Yemen,1994,47.0
Yemen,1996,42.5
Yemen,2004,39.7
Zambia,1969,47.7
Zambia,1990,45.8
Zambia,1995,45.5
Zambia,2000,43.3
Zambia,2006,43.6
Zimbabwe,1969,47.0
Zimbabwe,1982,39.5
Zimbabwe,1993,31.8
Zimbabwe,2004,31.0
Zimbabwe,2009,34.1
